{
  "hash": "75cb82a7",
  "configHash": "b4dc28b3",
  "lockfileHash": "70ed8fe0",
  "browserHash": "04a9078d",
  "optimized": {
    "@angular/common": {
      "src": "../../../../../../node_modules/@angular/common/fesm2022/common.mjs",
      "file": "@angular_common.js",
      "fileHash": "9df23fe9",
      "needsInterop": false
    },
    "@angular/core": {
      "src": "../../../../../../node_modules/@angular/core/fesm2022/core.mjs",
      "file": "@angular_core.js",
      "fileHash": "98f2a574",
      "needsInterop": false
    },
    "@angular/forms": {
      "src": "../../../../../../node_modules/@angular/forms/fesm2022/forms.mjs",
      "file": "@angular_forms.js",
      "fileHash": "876316d8",
      "needsInterop": false
    },
    "@angular/platform-browser": {
      "src": "../../../../../../node_modules/@angular/platform-browser/fesm2022/platform-browser.mjs",
      "file": "@angular_platform-browser.js",
      "fileHash": "fbbd751d",
      "needsInterop": false
    },
    "@angular/router": {
      "src": "../../../../../../node_modules/@angular/router/fesm2022/router.mjs",
      "file": "@angular_router.js",
      "fileHash": "50b59fa5",
      "needsInterop": false
    },
    "@angular/common/http": {
      "src": "../../../../../../node_modules/@angular/common/fesm2022/http.mjs",
      "file": "@angular_common_http.js",
      "fileHash": "c40a75d2",
      "needsInterop": false
    }
  },
  "chunks": {
    "chunk-THJ5IXDT": {
      "file": "chunk-THJ5IXDT.js"
    },
    "chunk-I6ZIS454": {
      "file": "chunk-I6ZIS454.js"
    },
    "chunk-M7WB6M3R": {
      "file": "chunk-M7WB6M3R.js"
    },
    "chunk-EISTGHNO": {
      "file": "chunk-EISTGHNO.js"
    },
    "chunk-OPCQPQRU": {
      "file": "chunk-OPCQPQRU.js"
    }
  }
}