{
  "hash": "26a6f6d2",
  "configHash": "ea58ce80",
  "lockfileHash": "4e129faa",
  "browserHash": "4e35f835",
  "optimized": {
    "@angular/common/http": {
      "src": "../../../../../../node_modules/@angular/common/fesm2022/http.mjs",
      "file": "@angular_common_http.js",
      "fileHash": "ea2374f2",
      "needsInterop": false
    },
    "@angular/core": {
      "src": "../../../../../../node_modules/@angular/core/fesm2022/core.mjs",
      "file": "@angular_core.js",
      "fileHash": "c1b46a95",
      "needsInterop": false
    },
    "@angular/platform-browser": {
      "src": "../../../../../../node_modules/@angular/platform-browser/fesm2022/platform-browser.mjs",
      "file": "@angular_platform-browser.js",
      "fileHash": "7892e603",
      "needsInterop": false
    },
    "@angular/router": {
      "src": "../../../../../../node_modules/@angular/router/fesm2022/router.mjs",
      "file": "@angular_router.js",
      "fileHash": "52d1e696",
      "needsInterop": false
    },
    "rxjs": {
      "src": "../../../../../../node_modules/rxjs/dist/esm5/index.js",
      "file": "rxjs.js",
      "fileHash": "8db839a8",
      "needsInterop": false
    }
  },
  "chunks": {
    "chunk-6GFXH6FL": {
      "file": "chunk-6GFXH6FL.js"
    },
    "chunk-34SZGVFC": {
      "file": "chunk-34SZGVFC.js"
    },
    "chunk-EXBCAVIY": {
      "file": "chunk-EXBCAVIY.js"
    },
    "chunk-S35MAB2V": {
      "file": "chunk-S35MAB2V.js"
    }
  }
}