{
  "hash": "1574a473",
  "configHash": "176b7fe1",
  "lockfileHash": "cdd3890f",
  "browserHash": "76377cc1",
  "optimized": {
    "@angular/common": {
      "src": "../../../../../../node_modules/@angular/common/fesm2022/common.mjs",
      "file": "@angular_common.js",
      "fileHash": "bf6a7d2b",
      "needsInterop": false
    },
    "@angular/core": {
      "src": "../../../../../../node_modules/@angular/core/fesm2022/core.mjs",
      "file": "@angular_core.js",
      "fileHash": "57a49d2b",
      "needsInterop": false
    },
    "@angular/platform-browser": {
      "src": "../../../../../../node_modules/@angular/platform-browser/fesm2022/platform-browser.mjs",
      "file": "@angular_platform-browser.js",
      "fileHash": "e046fc36",
      "needsInterop": false
    },
    "@angular/router": {
      "src": "../../../../../../node_modules/@angular/router/fesm2022/router.mjs",
      "file": "@angular_router.js",
      "fileHash": "0ab8e510",
      "needsInterop": false
    }
  },
  "chunks": {
    "chunk-TYUE276M": {
      "file": "chunk-TYUE276M.js"
    },
    "chunk-Z2KYW2RI": {
      "file": "chunk-Z2KYW2RI.js"
    },
    "chunk-FWG627IE": {
      "file": "chunk-FWG627IE.js"
    }
  }
}