{
  "hash": "478d2bb9",
  "configHash": "f34e0cda",
  "lockfileHash": "34e04025",
  "browserHash": "a03f0ac2",
  "optimized": {
    "@angular/core": {
      "src": "../../../../../../node_modules/@angular/core/fesm2022/core.mjs",
      "file": "@angular_core.js",
      "fileHash": "69c7c62c",
      "needsInterop": false
    },
    "@angular/platform-browser": {
      "src": "../../../../../../node_modules/@angular/platform-browser/fesm2022/platform-browser.mjs",
      "file": "@angular_platform-browser.js",
      "fileHash": "a546ef18",
      "needsInterop": false
    },
    "@angular/router": {
      "src": "../../../../../../node_modules/@angular/router/fesm2022/router.mjs",
      "file": "@angular_router.js",
      "fileHash": "84983323",
      "needsInterop": false
    },
    "@angular/common/http": {
      "src": "../../../../../../node_modules/@angular/common/fesm2022/http.mjs",
      "file": "@angular_common_http.js",
      "fileHash": "c19d6a5e",
      "needsInterop": false
    }
  },
  "chunks": {
    "chunk-AVH7YWR7": {
      "file": "chunk-AVH7YWR7.js"
    },
    "chunk-C6F6QFEE": {
      "file": "chunk-C6F6QFEE.js"
    },
    "chunk-IWJZX5M4": {
      "file": "chunk-IWJZX5M4.js"
    }
  }
}