{
  "hash": "58d0ecbe",
  "configHash": "a494dc5f",
  "lockfileHash": "10009be9",
  "browserHash": "d5f666d6",
  "optimized": {
    "@angular/common": {
      "src": "../../../../../../node_modules/@angular/common/fesm2022/common.mjs",
      "file": "@angular_common.js",
      "fileHash": "17602b06",
      "needsInterop": false
    },
    "@angular/common/http": {
      "src": "../../../../../../node_modules/@angular/common/fesm2022/http.mjs",
      "file": "@angular_common_http.js",
      "fileHash": "96652577",
      "needsInterop": false
    },
    "@angular/core": {
      "src": "../../../../../../node_modules/@angular/core/fesm2022/core.mjs",
      "file": "@angular_core.js",
      "fileHash": "9d0e2a03",
      "needsInterop": false
    },
    "@angular/platform-browser": {
      "src": "../../../../../../node_modules/@angular/platform-browser/fesm2022/platform-browser.mjs",
      "file": "@angular_platform-browser.js",
      "fileHash": "2d7f790d",
      "needsInterop": false
    },
    "@angular/router": {
      "src": "../../../../../../node_modules/@angular/router/fesm2022/router.mjs",
      "file": "@angular_router.js",
      "fileHash": "821139b4",
      "needsInterop": false
    }
  },
  "chunks": {
    "chunk-TRYVCGAT": {
      "file": "chunk-TRYVCGAT.js"
    },
    "chunk-VPU3G25S": {
      "file": "chunk-VPU3G25S.js"
    },
    "chunk-DRMDCPMO": {
      "file": "chunk-DRMDCPMO.js"
    },
    "chunk-3UZ4CEP7": {
      "file": "chunk-3UZ4CEP7.js"
    },
    "chunk-FWG627IE": {
      "file": "chunk-FWG627IE.js"
    }
  }
}