{
  "hash": "4af6afa6",
  "configHash": "694e1c8a",
  "lockfileHash": "10009be9",
  "browserHash": "5b3c93f4",
  "optimized": {
    "@angular/common/http": {
      "src": "../../../../../../node_modules/@angular/common/fesm2022/http.mjs",
      "file": "@angular_common_http.js",
      "fileHash": "1b0ed1bf",
      "needsInterop": false
    },
    "@angular/core": {
      "src": "../../../../../../node_modules/@angular/core/fesm2022/core.mjs",
      "file": "@angular_core.js",
      "fileHash": "ba0684bd",
      "needsInterop": false
    },
    "@angular/platform-browser": {
      "src": "../../../../../../node_modules/@angular/platform-browser/fesm2022/platform-browser.mjs",
      "file": "@angular_platform-browser.js",
      "fileHash": "aa2f48ce",
      "needsInterop": false
    },
    "@angular/router": {
      "src": "../../../../../../node_modules/@angular/router/fesm2022/router.mjs",
      "file": "@angular_router.js",
      "fileHash": "6fed5f88",
      "needsInterop": false
    },
    "@angular/common": {
      "src": "../../../../../../node_modules/@angular/common/fesm2022/common.mjs",
      "file": "@angular_common.js",
      "fileHash": "fbbc586d",
      "needsInterop": false
    }
  },
  "chunks": {
    "chunk-KBCZE7AN": {
      "file": "chunk-KBCZE7AN.js"
    },
    "chunk-DRMDCPMO": {
      "file": "chunk-DRMDCPMO.js"
    },
    "chunk-VPU3G25S": {
      "file": "chunk-VPU3G25S.js"
    },
    "chunk-3UZ4CEP7": {
      "file": "chunk-3UZ4CEP7.js"
    },
    "chunk-FWG627IE": {
      "file": "chunk-FWG627IE.js"
    }
  }
}