{
  "hash": "304fe973",
  "configHash": "e790145b",
  "lockfileHash": "838a2f3c",
  "browserHash": "3dc55aa5",
  "optimized": {
    "@angular/core": {
      "src": "../../../../../../node_modules/@angular/core/fesm2022/core.mjs",
      "file": "@angular_core.js",
      "fileHash": "b16080b6",
      "needsInterop": false
    },
    "@angular/platform-browser": {
      "src": "../../../../../../node_modules/@angular/platform-browser/fesm2022/platform-browser.mjs",
      "file": "@angular_platform-browser.js",
      "fileHash": "934d9fc6",
      "needsInterop": false
    },
    "@angular/router": {
      "src": "../../../../../../node_modules/@angular/router/fesm2022/router.mjs",
      "file": "@angular_router.js",
      "fileHash": "a862a71c",
      "needsInterop": false
    },
    "@angular/forms": {
      "src": "../../../../../../node_modules/@angular/forms/fesm2022/forms.mjs",
      "file": "@angular_forms.js",
      "fileHash": "2376d631",
      "needsInterop": false
    },
    "@angular/common": {
      "src": "../../../../../../node_modules/@angular/common/fesm2022/common.mjs",
      "file": "@angular_common.js",
      "fileHash": "3702b171",
      "needsInterop": false
    }
  },
  "chunks": {
    "chunk-CPOZBNXZ": {
      "file": "chunk-CPOZBNXZ.js"
    },
    "chunk-SFOYTQF7": {
      "file": "chunk-SFOYTQF7.js"
    },
    "chunk-OPCQPQRU": {
      "file": "chunk-OPCQPQRU.js"
    }
  }
}